{"vocabulary": {"what": 14, "the": 11, "weather": 13, "like": 6, "hi": 3, "thank": 10, "you": 15, "is": 4, "your": 16, "name": 8, "time": 12, "tell": 9, "me": 7, "joke": 5, "goodbye": 1, "can": 0, "help": 2}, "idf": [2.504077396776274, 2.504077396776274, 2.504077396776274, 2.504077396776274, 2.504077396776274, 2.504077396776274, 2.504077396776274, 2.09861228866811, 2.504077396776274, 2.504077396776274, 2.504077396776274, 2.09861228866811, 2.504077396776274, 2.504077396776274, 1.8109302162163288, 2.09861228866811, 2.504077396776274]}